CompId	Annotation	NumberOfNodes	EValue
59	TCH1516intergenic_2216789-2217225	17	1.320000e-26
59	NCTC8325intergenic_2163317-2163705	17	1.320000e-26
