CompId	Annotation	NumberOfNodes	EValue
48	TCH1516intergenic_2499989-2501476	71	1.320000e-26
48	NCTC8325intergenic_2446938-2448425	78	1.320000e-26
