CompId	Annotation	NumberOfNodes	EValue
128	TCH1516intergenic_1795627-1796125	24	5.150000e-37
128	NCTC8325intergenic_1698240-1698738	25	5.150000e-37
