CompId	Annotation	NumberOfNodes	EValue
22	TCH1516intergenic_2680965-2681543	19	1.320000e-26
22	NCTC8325intergenic_2629458-2630036	19	1.320000e-26
22	TCH1516intergenic_2679948-2680212	2	1.720000e-20
22	NCTC8325intergenic_2628441-2628705	2	1.720000e-20
