CompId	Annotation	NumberOfNodes	EValue
102	USA300HOU_RS07755;DBGWAS_general_tag=ATP-dependent_Clp_protease_ClpP	84	4.710000e-38
102	SAOUHSC_01536;DBGWAS_general_tag=scaffolding_protease	84	4.710000e-38
102	TCH1516intergenic_2290586-2290811	1	5.070000e-11
102	TCH1516intergenic_1993893-1994385	1	5.070000e-11
102	NCTC8325intergenic_2237058-2238621	1	5.070000e-11
102	NCTC8325intergenic_1896836-1898904	1	5.070000e-11
