CompId	Annotation	NumberOfNodes	EValue
120	TCH1516intergenic_646646-647232	28	1.280000e-32
120	NCTC8325intergenic_578898-579484	28	1.280000e-32
