CompId	Annotation	NumberOfNodes	EValue
142	NCTC8325intergenic_222338-222778	55	6.130000e-25
142	TCH1516intergenic_276822-277262	52	6.130000e-25
