CompId	Annotation	NumberOfNodes	EValue
94	TCH1516intergenic_2080092-2080355	30	2.450000e-29
94	NCTC8325intergenic_2026711-2026969	27	2.450000e-29
