CompId	Annotation	NumberOfNodes	EValue
21	TCH1516intergenic_349448-350033	96	6.130000e-25
21	USA300HOU_RS01550;DBGWAS_general_tag=DUF5080_domain-containing_protein	34	4.570000e-54
21	SAOUHSC_00271;DBGWAS_general_tag=hypothetical_protein	34	4.570000e-54
21	TCH1516intergenic_346050-346185	72	6.130000e-25
21	NCTC8325intergenic_291565-291700	72	6.130000e-25
21	TCH1516intergenic_352567-353189	19	2.650000e-23
21	NCTC8325intergenic_294583-295205	19	2.650000e-23
