CompId	Annotation	NumberOfNodes	EValue
62	TCH1516intergenic_2783891-2784257	73	6.130000e-25
62	NCTC8325intergenic_2732307-2732673	67	6.130000e-25
