CompId	Annotation	NumberOfNodes	EValue
31	TCH1516intergenic_2661607-2661927	63	1.860000e-47
31	NCTC8325intergenic_2610099-2610419	61	1.860000e-47
