CompId	Annotation	NumberOfNodes	EValue
24	TCH1516intergenic_2627026-2627386	32	6.130000e-25
24	NCTC8325intergenic_2575517-2575878	31	6.130000e-25
