CompId	Annotation	NumberOfNodes	EValue
23	TCH1516intergenic_2710926-2711436	27	3.750000e-27
23	NCTC8325intergenic_2659408-2659919	27	3.750000e-27
